,F,NEPkid,MDLF,eta_circuit,W_F_spec,NEFD_line,NEFD_continuum,Pkid,pwv,EL
0,219869117864.75357,8.911375841217195e-18,1.325625241204944e-19,0.17535945834137076,437209533.8196218,6.90340952898337e-27,3.451704764491685e-27,7.965167368019216e-14,0.5,60.0
1,221243914448.39883,5.882387536715964e-18,1.157737109421328e-19,0.12697142219363708,314655626.90565264,8.377355549308156e-27,4.188677774654078e-27,3.614130650595835e-14,0.5,60.0
2,221388577945.0964,4.312377394814785e-18,6.64796234530441e-19,0.018526500897993986,621941516.1701882,2.4337249773175984e-26,1.2168624886587992e-26,1.861152676141218e-14,0.5,60.0
3,221405725689.6798,6.308776898473406e-18,1.6874256151805563e-19,0.09556245892895228,424388847.5253669,9.053013568055485e-27,4.526506784027743e-27,4.109457318832222e-14,0.5,60.0
4,221727320213.53265,9.96757143537705e-18,1.2474779107393378e-19,0.2012971592137576,591823165.6897655,4.7992502918376064e-27,2.3996251459188032e-27,1.0185645586883123e-13,0.5,60.0
5,221990932302.68246,6.831006809835849e-18,4.948143559239559e-19,0.041434796072516135,582196398.8621901,1.9351082872436445e-26,9.675541436218223e-27,4.567027856899502e-14,0.5,60.0
6,222137646538.7272,8.356248625631552e-18,1.6417710535619142e-19,0.14025190352089595,344234331.4983278,1.0859026902686839e-26,5.4295134513434194e-27,6.900839649573129e-14,0.5,60.0
7,222436431526.76172,1.3519397915163097e-17,1.572156652973006e-19,0.23988714092449084,538733250.267284,6.644381089993677e-27,3.3221905449968385e-27,1.7202165794049268e-13,0.5,60.0
8,223681485123.74118,8.995325716704097e-18,2.1760463448478397e-19,0.12642279884079652,327953641.92558205,1.51073461067485e-26,7.55367305337425e-27,7.596970499248555e-14,0.5,60.0
9,224194607159.2593,1.1184242407538408e-17,1.8018195384201333e-19,0.1791287746772735,409553190.3983743,1.0016903155583192e-26,5.008451577791596e-27,1.202703892591292e-13,0.5,60.0
10,224599499673.17172,6.869770777351411e-18,2.785841883807033e-19,0.0753045471698544,282811751.89767945,2.242804959929812e-26,1.121402479964906e-26,4.5594165179385694e-14,0.5,60.0
11,224864735754.921,1.2376522200382013e-17,1.5200101424568046e-19,0.22159130022478388,570376250.3100724,6.067608463987357e-27,3.0338042319936786e-27,1.4969665310909166e-13,0.5,60.0
12,225392108677.89102,6.649465154616807e-18,3.9823017218105565e-19,0.051964286853374966,419878374.0794757,2.1594499919051583e-26,1.0797249959525792e-26,4.2561635500399457e-14,0.5,60.0
13,225414942958.13818,9.40538093838617e-18,2.733335673264612e-19,0.10277140289444221,467847449.39157736,1.330213036525821e-26,6.651065182629105e-27,8.47821764090205e-14,0.5,60.0
14,226379726016.8201,9.512868650709693e-18,1.8326692402722656e-19,0.14361941113607388,481650019.1919312,8.663332942109922e-27,4.331666471054961e-27,8.97364065105321e-14,0.5,60.0
15,226690569354.15405,1.0349272261592555e-17,1.7383896468744134e-19,0.16403735114997858,522504431.7956051,7.575122229648693e-27,3.787561114824346e-27,1.0558835800602551e-13,0.5,60.0
16,226817796439.88657,7.062322641162268e-18,6.023420441037801e-19,0.03890592515689889,454375515.74592066,3.01828853264742e-26,1.50914426632371e-26,4.769503661658833e-14,0.5,60.0
17,227361181883.31155,1.2400567344460576e-17,1.7353738547336324e-19,0.20324402031052133,476474597.51084304,8.292506003685725e-27,4.1462530018428626e-27,1.4871291778995693e-13,0.5,60.0
18,227874218340.07266,9.386364257052773e-18,2.623079824943617e-19,0.10588404684004939,343876249.2542011,1.736768055211215e-26,8.683840276056075e-27,8.446678921482741e-14,0.5,60.0
19,228157947398.6483,1.3031496525379476e-17,2.795749692320175e-19,0.1341417629664765,506537854.4777955,1.2566631371082784e-26,6.283315685541392e-27,1.6185589728476337e-13,0.5,60.0
20,228616577445.0945,1.60652382859531e-17,2.325274692627477e-19,0.1968022452346012,503778531.45252156,1.0509138249690397e-26,5.2545691248451984e-27,2.4269346470761836e-13,0.5,60.0
21,229576534577.59967,3.5399948362768356e-17,6.927507430390767e-19,0.14429278631348105,378984254.2665196,4.161868271209477e-26,2.0809341356047384e-26,1.1376499371273029e-12,0.5,60.0
22,229891165783.81467,7.0883577627774e-17,1.8380847422000388e-18,0.10333391653222812,539878650.4992906,7.751787748809093e-26,3.8758938744045466e-26,4.471548631059034e-12,0.5,60.0
23,230127313148.51926,5.901971047362999e-17,6.439738421758195e-19,0.23325687702295494,429649612.04886234,3.4126071737775343e-26,1.7063035868887672e-26,3.1252901867438543e-12,0.5,60.0
24,231011809917.33194,1.3764710435677019e-17,3.0478456194563405e-19,0.11674506319019662,364174795.0079199,1.9055290638563412e-26,9.527645319281706e-27,1.7750835681740917e-13,0.5,60.0
25,231274127451.38898,1.2579826414377512e-17,2.0591340801040094e-19,0.15768880749378347,450483285.81728125,1.0407308799644763e-26,5.2036543998223816e-27,1.5161363602892524e-13,0.5,60.0
26,231749846011.37247,1.0306934695650113e-17,1.7731169615278386e-19,0.1489753538546226,441941512.8081809,9.134927033414802e-27,4.567463516707401e-27,1.0383914482134609e-13,0.5,60.0
27,232342369086.4999,1.149706779645979e-17,1.405508955131832e-19,0.21381739584951084,405600596.93050474,7.88982786170283e-27,3.944913930851415e-27,1.2891124337054532e-13,0.5,60.0
28,232555568585.36774,7.577921504014303e-18,2.5625421853045737e-19,0.0782399728964913,407331203.5502044,1.4323720553063005e-26,7.161860276531502e-27,5.668814199717228e-14,0.5,60.0
29,232966394777.17975,1.3034286992631423e-17,1.2702636038240705e-19,0.2686757744315871,473375260.9903793,6.1097127680806734e-27,3.0548563840403367e-27,1.6602227369525722e-13,0.5,60.0
30,233098020198.17035,9.109155039618815e-18,4.3336358320132294e-19,0.05810341567037557,720199250.7892381,1.3700368377197296e-26,6.850184188598648e-27,8.090873502677427e-14,0.5,60.0
31,233796795174.82495,1.4550683825230054e-17,1.5002630224901606e-19,0.26233920607941763,538028315.1037753,6.348845659595483e-27,3.1744228297977414e-27,2.0590896863342068e-13,0.5,60.0
32,234080235031.10944,9.56407337671525e-18,3.092288354552595e-19,0.08693388855661506,511220754.0786464,1.3772221685360665e-26,6.886110842680332e-27,8.986281630951686e-14,0.5,60.0
33,235039872434.66296,1.3115503382572951e-17,1.8800345377575084e-19,0.19166000917948206,510836475.3469378,8.37946756805423e-27,4.189733784027115e-27,1.6707317486492384e-13,0.5,60.0
34,235459572492.64267,7.895467095486316e-18,2.9759425296678677e-19,0.07541724831524682,405461595.20531267,1.6711187489455877e-26,8.355593744727938e-27,6.15509304368745e-14,0.5,60.0
35,235639854887.14328,1.3135267493425953e-17,2.5264702714620095e-19,0.1479297505671991,568547082.3012793,1.0117664021163566e-26,5.058832010581783e-27,1.669531212113281e-13,0.5,60.0
36,236798918585.50223,9.333910685864029e-18,3.8591969666123927e-19,0.06903643958252248,612021372.0672522,1.4356971987743236e-26,7.178485993871618e-27,8.474923644740057e-14,0.5,60.0
37,236816543523.67047,1.2877969968640686e-17,1.4837233540280573e-19,0.23965904227058607,379433558.1965907,8.903273004637816e-27,4.451636502318908e-27,1.6011537718195254e-13,0.5,60.0
38,237396652816.11017,1.1972133231945166e-17,3.6978503055736673e-19,0.09416950227185182,518230465.3238657,1.624646511538312e-26,8.12323255769156e-27,1.3683521950174617e-13,0.5,60.0
39,237597417976.52145,1.483630977860815e-17,1.9109384323253292e-19,0.21707588095951805,419836342.57476395,1.0363326032607311e-26,5.181663016303656e-27,2.0948273138059085e-13,0.5,60.0
40,238156041087.5198,1.977215689899554e-17,2.487912142983181e-19,0.22326929835285234,545895236.5819856,1.0376675400987412e-26,5.188337700493706e-27,3.6688598993114326e-13,0.5,60.0
41,238662373812.75656,1.1997613387456161e-17,2.5648328374952857e-19,0.1323614106744769,391394881.7683965,1.4920260975695305e-26,7.460130487847652e-27,1.3714665222300939e-13,0.5,60.0
42,239759488126.47952,1.1483540335230703e-17,5.443111740893066e-19,0.0614943319395197,533327631.29729,2.323729982838778e-26,1.161864991419389e-26,1.2383272289279018e-13,0.5,60.0
43,239830790274.95596,1.5418131233367515e-17,1.8962955916986883e-19,0.22531318924867957,367925193.82251114,1.1734889501777585e-26,5.867444750888792e-27,2.2398859509035996e-13,0.5,60.0
44,240299405669.0588,1.5219043787778093e-17,4.24971760123308e-19,0.10362806497730036,423949667.20679265,2.282329109273953e-26,1.1411645546369765e-26,2.154048115532739e-13,0.5,60.0
45,240601793155.50342,1.6347105256266294e-17,3.648854126345581e-19,0.12672007040749783,450144459.54453945,1.8455979061597637e-26,9.227989530798818e-27,2.4859040821681834e-13,0.5,60.0
46,240941365941.29276,2.456355257670734e-17,4.472994754487825e-19,0.1581089683166468,481538925.79325277,2.1149469861161284e-26,1.0574734930580642e-26,5.555333481609072e-13,0.5,60.0
47,241612170740.7124,2.2188318650845167e-17,5.3937565384270735e-19,0.11710915415109922,631360088.4655967,1.94512139816466e-26,9.7256069908233e-27,4.542187426472365e-13,0.5,60.0
48,241663847176.1319,1.385941065614743e-17,8.273903480661224e-19,0.04968333336099977,492113592.7609273,3.828049860316819e-26,1.9140249301584094e-26,1.7750013407718714e-13,0.5,60.0
49,242310824501.83444,2.1224394258043883e-17,1.0287834103812726e-18,0.06017872722262235,1111603712.9867191,2.1072034085625364e-26,1.0536017042812682e-26,4.156142006308334e-13,0.5,60.0
50,242320062543.17227,2.7487861351329803e-17,3.273452981336662e-19,0.2431372286759584,458173003.4683459,1.6267061464588285e-26,8.133530732294142e-27,6.945905833016598e-13,0.5,60.0
51,243009427559.07504,2.634114438669593e-17,3.923621493298743e-19,0.1905020053482797,549570045.4886855,1.6255358351292823e-26,8.127679175646412e-27,6.400066934769158e-13,0.5,60.0
52,243680537124.31754,2.4574858766843957e-17,3.938307085317829e-19,0.17766819083931676,524812851.7912693,1.708589021789125e-26,8.542945108945625e-27,5.572014757182872e-13,0.5,60.0
53,244568910632.89386,2.0834847482513952e-17,4.034297068345072e-19,0.14565401743470624,413234587.1547217,2.2228169860409852e-26,1.1114084930204926e-26,4.002884818796184e-13,0.5,60.0
54,245080071794.80573,2.357486649711915e-17,3.297497889680303e-19,0.19903400990018408,447359219.5109546,1.6782653600207735e-26,8.391326800103868e-27,5.121964535713393e-13,0.5,60.0
55,245434382990.1969,1.723336379453146e-17,7.053569103829457e-19,0.06994933689014887,408691510.4818791,3.9295770206089474e-26,1.9647885103044737e-26,2.7317783957054936e-13,0.5,60.0
56,245642375372.13242,2.5386969168833913e-17,2.840885657605035e-19,0.24684981383095878,521444299.51255125,1.2404473241236501e-26,6.2022366206182505e-27,5.952637477165894e-13,0.5,60.0
57,246665119953.9172,1.4182418489818897e-17,3.234965015379641e-19,0.12187996395999706,352508405.5410697,2.0894530047811873e-26,1.0447265023905937e-26,1.8701537534659817e-13,0.5,60.0
58,247207181799.15854,1.91107023839812e-17,2.8129039213279167e-19,0.18949736498451478,597213038.6620662,1.0724032315823285e-26,5.3620161579116425e-27,3.4301184967488e-13,0.5,60.0
59,247526099498.8422,1.3486527110673425e-17,8.29103627076762e-19,0.046601931839124325,542155150.570971,3.481911460359477e-26,1.7409557301797385e-26,1.6866768009567216e-13,0.5,60.0
60,247780330438.48184,1.379327898434557e-17,2.6831144726411974e-19,0.14497584108001513,426878088.34505343,1.4310929268750668e-26,7.155464634375334e-27,1.7965956020935123e-13,0.5,60.0
61,248557298934.47495,1.2140680122521369e-17,1.9451216381994954e-19,0.17625699296899253,454947607.3390439,9.734594741383447e-27,4.867297370691723e-27,1.4263725592720934e-13,0.5,60.0
62,249965692957.88986,7.063172071636389e-18,1.7855545730717177e-19,0.11603857039839074,484069123.540684,8.3984326313107e-27,4.19921631565535e-27,5.2308999976988306e-14,0.5,60.0
63,250075738655.80048,6.673398787057883e-18,1.0891925338163744e-19,0.17855830990995647,400663657.35186607,6.189523284576595e-27,3.0947616422882975e-27,4.896777514932596e-14,0.5,60.0
64,250180953132.21295,5.78618601754573e-18,5.667926514642027e-19,0.029783163032008057,646891911.588934,1.994917712596931e-26,9.974588562984656e-27,3.317916266423841e-14,0.5,60.0
65,250763338565.6329,5.305756157491081e-18,9.707269873058422e-20,0.15602517358446918,461714236.66056615,4.78692181459051e-27,2.393460907295255e-27,3.316296693488606e-14,0.5,60.0
66,251423812705.4219,4.405109237367176e-18,1.3938952061207033e-19,0.0911028446552302,397745682.78931755,7.979159499140569e-27,3.9895797495702845e-27,2.21155381240642e-14,0.5,60.0
67,251656290219.5503,5.9439017795715025e-18,2.3182172757397437e-19,0.0740992950137771,625307711.713261,8.440979580005333e-27,4.220489790002667e-27,3.706298972276165e-14,0.5,60.0
68,251763514245.59296,9.835795088344234e-18,1.1528592404091915e-19,0.24472392247316435,368491750.5676156,7.123296332325676e-27,3.561648166162838e-27,9.632053422983212e-14,0.5,60.0
69,252241405986.204,1.4805551422634244e-17,2.3473592822190686e-19,0.18211809021641945,530039979.7363925,1.0083317322618215e-26,5.0416586613091075e-27,2.0865995184255783e-13,0.5,60.0
70,252951203361.8429,1.4859906232344326e-17,2.7207819009979712e-19,0.15766825656637518,642099716.1786921,9.647699067588121e-27,4.8238495337940605e-27,2.1017706276245863e-13,0.5,60.0
71,253125082274.44055,8.151633012502582e-18,3.2541955545446567e-19,0.0729723505281619,476288933.8779521,1.555627646126836e-26,7.77813823063418e-27,6.434988302196599e-14,0.5,60.0
72,254181307419.30313,1.1442019717422478e-17,3.1156148531735833e-19,0.1068996359168396,493770932.1742729,1.4366492225932868e-26,7.183246112966434e-27,1.247278104303449e-13,0.5,60.0
73,254498660162.12857,1.2387340646915168e-17,1.8071648230604708e-19,0.19865260585240613,498591613.8386828,8.252495406069512e-27,4.126247703034756e-27,1.4776634636649917e-13,0.5,60.0
74,255483746825.43063,9.614365190659454e-18,2.1852404775011013e-19,0.12870165476108297,415239155.1480732,1.1982113637563655e-26,5.9910568187818276e-27,8.944353114022255e-14,0.5,60.0
75,256018814537.3442,8.450729753253897e-18,1.3027145874038048e-19,0.19035679794664603,423968400.6199618,6.995975564534943e-27,3.4979877822674714e-27,7.22611828946615e-14,0.5,60.0
76,256157405145.88403,7.609991793628047e-18,4.2179389697929844e-19,0.05331563245775812,640184543.6493745,1.5001255344386152e-26,7.500627672193076e-27,5.635340248345895e-14,0.5,60.0
77,256509245767.68552,6.1220588023774764e-18,1.4343830456541623e-19,0.12616915818376107,450807998.8739927,7.244460125735903e-27,3.6222300628679514e-27,4.038420793628407e-14,0.5,60.0
78,256901151558.75232,7.147693320223686e-18,9.499104150894446e-20,0.2228979004731521,543878125.9273294,3.9766150649419415e-27,1.9883075324709707e-27,5.727130889564856e-14,0.5,60.0
79,257373208887.3401,4.424298548266604e-18,1.1135937656413621e-19,0.11838075548564576,398127021.8586796,6.368507023783812e-27,3.184253511891906e-27,2.3078891992012823e-14,0.5,60.0
80,258033881698.6525,1.0907276986421562e-17,1.3413886894562093e-19,0.24442537372587217,573443393.1902035,5.3259438444717104e-27,2.6629719222358552e-27,1.1980009999806368e-13,0.5,60.0
81,258314616335.6158,6.367085755260586e-18,2.440031190492056e-19,0.07951105902329511,569007586.3751997,9.763596377567104e-27,4.881798188783552e-27,4.2788765282960413e-14,0.5,60.0
82,259499158009.1223,1.3195274011274486e-17,3.1296306228439004e-19,0.1282719286831135,725552108.6765431,9.821028478988715e-27,4.9105142394943575e-27,1.6769896064480177e-13,0.5,60.0
83,259681833074.48944,7.484213747431244e-18,4.177649663246829e-19,0.0548384982323674,488275590.9071728,1.948047308249944e-26,9.74023654124972e-27,5.438723638769078e-14,0.5,60.0
84,260178045921.80157,8.210079778945996e-18,2.8307788668496973e-19,0.08846774353217467,399101546.4652104,1.6149349388835383e-26,8.074674694417692e-27,6.538979243416769e-14,0.5,60.0
85,260544959866.32462,9.93727635202221e-18,2.0979422170374133e-19,0.14412832846822365,478782756.6789926,9.97671389195602e-27,4.98835694597801e-27,9.706107676393843e-14,0.5,60.0
86,261660675016.81003,6.629526604378203e-18,4.349728305853354e-19,0.046945563517946244,763342905.420015,1.2974031666830302e-26,6.487015833415151e-27,4.397654035803324e-14,0.5,60.0
87,261711425751.46805,6.955344725422337e-18,1.1636203004261029e-19,0.18353344792077256,391691344.96505404,6.76394099676777e-27,3.381970498383885e-27,5.099604666258389e-14,0.5,60.0
88,262077212425.75217,6.754167071592749e-18,1.0343186249672115e-19,0.2013059418059069,582090323.8141357,4.0457259537567514e-27,2.0228629768783757e-27,5.218806582682464e-14,0.5,60.0
89,262644717911.4267,4.869125736574629e-18,1.234487842996605e-19,0.12254433117303469,437260428.2939439,6.4280483987085064e-27,3.2140241993542532e-27,2.7390833441058013e-14,0.5,60.0
90,263724897588.03223,8.706683921593192e-18,1.71366143365551e-19,0.16343726382823484,480856744.88987803,8.114127117811393e-27,4.0570635589056966e-27,7.698993154868507e-14,0.5,60.0
91,263796540436.64304,4.753037681005876e-18,4.937883612463925e-19,0.03075283839580499,1003765781.4145137,1.120059152666579e-26,5.600295763332895e-27,2.4338521317864817e-14,0.5,60.0
92,264030119206.9349,1.0653622162439937e-17,1.7043390789666783e-19,0.19854639937296636,531241288.0853779,7.304604011895832e-27,3.652302005947916e-27,1.1293891699733565e-13,0.5,60.0
93,265028035590.22043,8.954657229600895e-18,3.439795115811176e-19,0.08254093049821516,773540564.4470785,1.0124695691691454e-26,5.062347845845727e-27,7.926115975053784e-14,0.5,60.0
94,265078398100.56564,1.0808545109522975e-17,1.3412556440985388e-19,0.25479771681187374,465039492.782503,6.566806549829316e-27,3.283403274914658e-27,1.1571726957045985e-13,0.5,60.0
95,266002431143.7726,7.386712940665302e-18,1.8332512728818794e-19,0.12811457531872172,444293449.4805719,9.394736019157633e-27,4.6973680095788166e-27,5.569693231312943e-14,0.5,60.0
96,266322180254.2383,6.435963636335682e-18,1.5228616171234865e-19,0.13467073456979667,596214694.2853194,5.815542871739601e-27,2.9077714358698006e-27,4.5365964414014336e-14,0.5,60.0
97,266647268949.02344,6.808567643174962e-18,9.174780012782833e-20,0.23721043105439554,526426479.011416,3.9681714693805136e-27,1.9840857346902568e-27,5.212440649357539e-14,0.5,60.0
98,267695299621.84286,5.2171372144888136e-18,1.4452859267628778e-19,0.11695809075663849,491066554.7369598,6.701097143275047e-27,3.350548571637523e-27,3.1055326534038447e-14,0.5,60.0
99,268065417453.1955,1.2272672872940048e-17,1.9736876796585857e-19,0.20113857733295198,724462464.110756,6.202903686584108e-27,3.101451843292054e-27,1.4942620026427126e-13,0.5,60.0
100,268652036547.7875,5.444669659009567e-18,1.907632961197866e-19,0.0927107089512681,400573300.94844484,1.0842896567379435e-26,5.421448283689717e-27,3.124876952774306e-14,0.5,60.0
101,269091189880.86148,7.064192299651951e-18,1.7063230517072966e-19,0.1343866662368226,460193380.76890844,8.442156264978571e-27,4.2210781324892854e-27,5.107498080926904e-14,0.5,60.0
102,269834135305.62177,7.828638576346378e-18,2.0094937106873505e-19,0.12726265251589244,430230477.98682725,1.0634522015941473e-26,5.3172610079707365e-27,6.153367760795052e-14,0.5,60.0
103,270181247936.16315,7.81637620308264e-18,1.3965704671713188e-19,0.18286916511805743,537212649.2365258,5.9190106352363304e-27,2.9595053176181652e-27,6.37588502050876e-14,0.5,60.0
104,270903786083.92368,7.963019943263957e-18,1.4038998534224445e-19,0.18692148785618734,672884327.2227979,4.750378473784062e-27,2.375189236892031e-27,6.892664868194713e-14,0.5,60.0
105,271440766829.5246,4.2429824283870396e-18,1.7699510942866496e-19,0.07936460467327157,426116233.3462063,9.457267722453027e-27,4.728633861226514e-27,2.022025791645622e-14,0.5,60.0
106,271717268042.22205,4.923355181938723e-18,1.1052150504517315e-19,0.14757228504362016,460908660.67109865,5.459645167479198e-27,2.729822583739599e-27,2.808369047686414e-14,0.5,60.0
107,272454933584.4896,6.406356161186626e-18,3.795956498767173e-19,0.05676305750543488,696550806.0946741,1.2407975409106655e-26,6.2039877045533275e-27,4.208377732854901e-14,0.5,60.0
108,272630852102.8908,1.1054081453367498e-17,2.155511244302159e-19,0.17281141094390973,728689217.7405953,6.735044130566504e-27,3.367522065283252e-27,1.2268575064394163e-13,0.5,60.0
109,273192574967.58188,7.547614308280917e-18,2.1932908489599874e-19,0.11759642222480958,440778779.9833457,1.1329429585992269e-26,5.664714792996134e-27,5.765296094894003e-14,0.5,60.0
110,273768741608.01727,7.90383802415051e-18,1.8507504807450868e-19,0.14474747640564517,494715486.7335788,8.517749455718341e-27,4.258874727859171e-27,6.461412029477442e-14,0.5,60.0
111,274353637244.9419,6.644076435678986e-18,1.5020016435296604e-19,0.15173182986398195,530856131.5637068,6.442079297064726e-27,3.221039648532363e-27,4.828181078787531e-14,0.5,60.0
112,274855989546.14664,8.71525047994223e-18,1.186954400425909e-19,0.251077579518788,600086378.5282793,4.50352691421496e-27,2.25176345710748e-27,8.110637935358542e-14,0.5,60.0
113,275204766692.07,5.048264983167866e-18,1.5894909479671906e-19,0.10879605806780718,545253163.6260765,6.637313961291076e-27,3.318656980645538e-27,2.986408323569307e-14,0.5,60.0
114,275997785892.0945,7.317886492003317e-18,1.9376436503561341e-19,0.13016122109584446,485506683.5985448,9.086804680216371e-27,4.5434023401081855e-27,5.566298475412966e-14,0.5,60.0
115,276431009037.3026,9.405084349038616e-18,1.7166221092015116e-19,0.18931575916560686,647226355.2739303,6.038804980521405e-27,3.0194024902607025e-27,9.045837488194598e-14,0.5,60.0
116,277648520854.3866,7.236566579190875e-18,1.7608574873123498e-19,0.14277769783237146,449457447.5737458,8.9200671475072e-27,4.4600335737536e-27,5.395850804891183e-14,0.5,60.0
117,278258784429.8315,6.919795339391956e-18,9.560025290766546e-20,0.2519279384396273,466674712.50872165,4.66420112126623e-27,2.332100560633115e-27,5.230997218628066e-14,0.5,60.0
118,278337244447.52576,5.641543635801821e-18,3.029949605098361e-19,0.06495195124347226,849992339.3611,8.116202797174855e-27,4.058101398587427e-27,3.424806192922096e-14,0.5,60.0
119,279081195011.6156,5.806172432714083e-18,1.315857632449661e-19,0.15490783583724368,512861531.57315654,5.841727242149617e-27,2.9208636210748086e-27,3.810614864108547e-14,0.5,60.0
120,279881201876.16003,5.0963705357756616e-18,2.79585151199194e-19,0.06470620326731398,513257932.7867313,1.2402548335204291e-26,6.2012741676021456e-27,2.7664968518211934e-14,0.5,60.0
121,280215589114.27515,9.162138835650298e-18,1.5851216601128598e-19,0.20448891754702897,520389471.2111005,6.935321458341277e-27,3.467660729170638e-27,8.542643240990498e-14,0.5,60.0
122,280481795000.37476,6.52174825477862e-18,3.061221289286284e-19,0.0756485321619146,596599684.1748642,1.16827263003298e-26,5.8413631501649e-27,4.363712130722989e-14,0.5,60.0
123,281009456440.5074,7.446968768332257e-18,1.765758671291333e-19,0.14995662252065453,559645787.5378675,7.183739989017002e-27,3.591869994508501e-27,5.860055142623977e-14,0.5,60.0
124,281588524488.24493,5.497447246662426e-18,2.050142823333051e-19,0.0958740148611192,724101764.328514,6.446396407558435e-27,3.2231982037792174e-27,3.4329704022699334e-14,0.5,60.0
125,281893217361.4209,8.929539645558405e-18,2.0187527833455936e-19,0.15848564965861758,818717402.3255589,5.6141189905468246e-27,2.8070594952734123e-27,8.419102232496092e-14,0.5,60.0
126,282691275202.3981,5.182677693558166e-18,1.4209933138850896e-19,0.1317587620660535,470568270.47005606,6.875462073178698e-27,3.437731036589349e-27,3.0493484356579047e-14,0.5,60.0
127,283359132561.3992,8.288126826883019e-18,1.7046038540292895e-19,0.17599761385645993,520762403.33234185,7.45274633850139e-27,3.726373169250695e-27,7.070105274657406e-14,0.5,60.0
128,284446071052.1657,6.306358832201837e-18,2.4227005972754587e-19,0.09514607559175803,473745626.25221074,1.1643593348580527e-26,5.8217966742902635e-27,4.1067281998937504e-14,0.5,60.0
129,284698162274.88544,5.151891422181995e-18,3.249501782723911e-19,0.058303217032896745,659466503.924977,1.1219061650256303e-26,5.609530825128151e-27,2.8479007591862853e-14,0.5,60.0
130,284971369229.594,7.747052433642136e-18,1.5418393723080927e-19,0.18451889525948023,712960190.7241863,4.923867379354104e-27,2.461933689677052e-27,6.533946247226545e-14,0.5,60.0
131,285271689330.3574,5.274114031866909e-18,1.8091225857509034e-19,0.10757393020348256,583808792.5486425,7.055533536870495e-27,3.5277667684352476e-27,3.189202710577628e-14,0.5,60.0
132,285959136656.54535,8.626806328547658e-18,1.9091094694918969e-19,0.1727386792118569,520931047.0285416,8.344168902297617e-27,4.172084451148808e-27,7.645472209550338e-14,0.5,60.0
133,286481976313.1296,8.413534131511089e-18,3.601614955900021e-19,0.08900965382330127,954453533.1684822,8.5916185610301e-27,4.29580928051505e-27,7.310664493288732e-14,0.5,60.0
134,286756505249.7282,1.0214986590699687e-17,1.3600220812390717e-19,0.28273093416131745,580605738.4387461,5.333313736460877e-27,2.6666568682304383e-27,1.0599644625007477e-13,0.5,60.0
135,288178880984.6733,5.424927186235175e-18,2.264727555775741e-19,0.09078961565279416,613359639.1787412,8.406849370170982e-27,4.203424685085491e-27,3.2969650942052244e-14,0.5,60.0
136,288439526073.23474,6.950398727164942e-18,1.329383687569042e-19,0.1988196697356021,549637686.8494179,5.506889201837728e-27,2.753444600918864e-27,5.291427484206824e-14,0.5,60.0
137,289392071133.7208,5.5606877314533326e-18,2.896707904973452e-19,0.07382051713331027,565602382.3945651,1.1660736210388135e-26,5.8303681051940675e-27,3.338958026130355e-14,0.5,60.0
138,289669368456.26434,7.660132073379411e-18,2.980601625585922e-19,0.09839046679110723,868593760.0752136,7.813034199345082e-27,3.906517099672541e-27,6.107389249875729e-14,0.5,60.0
139,289793810200.1148,9.564209521752914e-18,1.3676305646068486e-19,0.2669854208424864,498898977.85034156,6.241495767995499e-27,3.1207478839977496e-27,9.311122264935194e-14,0.5,60.0
140,291175112481.3431,5.915211070123573e-18,1.8243595289643816e-19,0.12471972402081907,528323031.61734056,7.862187235576146e-27,3.931093617788073e-27,3.83194880479031e-14,0.5,60.0
141,291500098452.04785,6.867578982877687e-18,1.3063790766776508e-19,0.2023526946997182,582849345.7747151,5.103233018759971e-27,2.5516165093799857e-27,5.1482665819598244e-14,0.5,60.0
142,292533792368.338,5.167731502734082e-18,2.2387604264560886e-19,0.08982962397768166,476532305.56095755,1.0696649608669116e-26,5.348324804334558e-27,2.90249804968317e-14,0.5,60.0
143,292791723812.7607,6.738898647703718e-18,2.6116140751236823e-19,0.10114860482186207,577383235.4872972,1.0298579529483353e-26,5.1492897647416765e-27,4.7356766844132036e-14,0.5,60.0
144,293096749756.54517,7.255278699838324e-18,3.3363970239724447e-19,0.08595421411611291,779326579.4214265,9.747443649591737e-27,4.873721824795868e-27,5.4735174777363725e-14,0.5,60.0
145,293194831293.3888,8.732473793916889e-18,1.509600005683913e-19,0.2292060215749313,564586997.4374181,6.0878439721617615e-27,3.0439219860808808e-27,7.908189166359183e-14,0.5,60.0
146,294115010955.7877,7.191847577451043e-18,1.5392331455501156e-19,0.18409678661320403,631458379.2600158,5.549989642834204e-27,2.774994821417102e-27,5.6829487411012113e-14,0.5,60.0
147,295448198876.2142,9.21749682769769e-18,1.3836747790544895e-19,0.2639641214790823,528204082.7963337,5.964372615403072e-27,2.982186307701536e-27,8.621268906706133e-14,0.5,60.0
148,295523921385.4448,5.60398210016773e-18,3.3551665044120445e-19,0.06629321266062052,882481147.4535975,8.656476165906806e-27,4.328238082953403e-27,3.415763099736303e-14,0.5,60.0
149,296952146190.37256,5.214835182771018e-18,2.858441323666338e-19,0.07328071744272788,509384283.86742264,1.2776627602081791e-26,6.3883138010408955e-27,2.878015215310536e-14,0.5,60.0
150,297173740653.79376,5.784494682641331e-18,1.7168590188411414e-19,0.1355975406864375,518187190.2645565,7.543631368195425e-27,3.7718156840977125e-27,3.667462048872427e-14,0.5,60.0
151,297459168325.8815,8.73126996104772e-18,2.022530695359234e-19,0.1742463260539313,747075335.6063739,6.164008363920379e-27,3.0820041819601896e-27,7.956114590471482e-14,0.5,60.0
152,298074532052.05707,4.870365697966587e-18,1.7863534543523978e-19,0.11114621443677611,429203978.3984134,9.476242188897055e-27,4.738121094448528e-27,2.6443540298628785e-14,0.5,60.0
153,298538294449.5144,7.084518524621126e-18,2.8906685166609243e-19,0.1007415952493119,495163118.93642265,1.329176024828511e-26,6.645880124142555e-27,5.18502711853027e-14,0.5,60.0
154,298772882998.40326,7.885675588301397e-18,2.255844105575435e-19,0.1436613133654684,714432642.7058243,7.189195447262287e-27,3.594597723631144e-27,6.562264618342182e-14,0.5,60.0
155,299048730633.95465,8.511630288516036e-18,1.3437723053884792e-19,0.25983633485360463,580699048.855214,5.268743642758339e-27,2.6343718213791696e-27,7.577261305649481e-14,0.5,60.0
156,300772338210.1945,5.564917466597725e-18,2.1004406672156395e-19,0.1111442995348302,458676093.5076155,1.0426458275399802e-26,5.213229137699901e-27,3.3760142510992167e-14,0.5,60.0
157,301051674393.9179,7.619253772223594e-18,2.294873194262009e-19,0.14009025107543993,617429032.946089,8.462606405735229e-27,4.2313032028676144e-27,6.057453874046376e-14,0.5,60.0
158,301376687691.7123,9.112625733569215e-18,1.7947109879825967e-19,0.2166497696399125,541752584.2219442,7.542685965721812e-27,3.771342982860906e-27,8.394028370645516e-14,0.5,60.0
159,302207290561.4376,6.011274507143854e-18,4.189395611443383e-19,0.061625743932816016,1051020424.6034969,9.075544990293009e-27,4.5377724951465045e-27,3.9760295410959666e-14,0.5,60.0
160,302376946504.50183,8.386013655921937e-18,1.5361205923264254e-19,0.23265473545946472,581151567.1974194,6.0182246366851605e-27,3.0091123183425802e-27,7.352853645804448e-14,0.5,60.0
161,303696340614.7765,7.622923327520922e-18,3.2601186439801644e-19,0.09993029385995801,802501035.8539367,9.249543521645983e-27,4.6247717608229915e-27,6.191649136297355e-14,0.5,60.0
162,304189792495.48395,9.81386181010497e-18,1.3600065218098745e-19,0.30709994805528446,651608345.379241,4.752113989810433e-27,2.3760569949052165e-27,9.768960929702293e-14,0.5,60.0
163,304273775212.5965,4.815323416856018e-18,5.444958392603055e-19,0.03779439605427982,787862172.1192551,1.5735364692271905e-26,7.867682346135952e-27,2.4655085091416493e-14,0.5,60.0
164,305039842802.2865,5.2361530208881375e-18,2.408776891706089e-19,0.09306258950805903,394546543.0523749,1.3900513059144448e-26,6.950256529572224e-27,2.866901420576439e-14,0.5,60.0
165,305275717138.1328,7.83449336330642e-18,1.9096170651415435e-19,0.17577858908958896,584273280.6160252,7.44153891875507e-27,3.720769459377535e-27,6.437418816320595e-14,0.5,60.0
166,305803693951.31525,9.62221122260401e-18,1.8821394817860944e-19,0.21943140172209108,656051409.4728974,6.532003797957903e-27,3.2660018989789516e-27,9.371163926439359e-14,0.5,60.0
167,307561048384.01886,5.681747555809923e-18,2.676004434674991e-19,0.09234789074280385,498181499.3012578,1.2230148488031716e-26,6.115074244015858e-27,3.4220772582805146e-14,0.5,60.0
168,307791757726.6246,5.940883243023008e-18,1.844231499460685e-19,0.14037972096462337,521976841.32021016,8.044456302782408e-27,4.022228151391204e-27,3.8302817384099785e-14,0.5,60.0
169,308129229332.1713,7.579144157854452e-18,1.6706843791738266e-19,0.19813053230463698,547766945.719565,6.944341768212642e-27,3.472170884106321e-27,5.98742721137329e-14,0.5,60.0
170,308699122046.75195,8.379156184205861e-18,2.171666382020547e-19,0.16930197144402753,641671044.5907726,7.705718908508676e-27,3.852859454254338e-27,7.18247228106793e-14,0.5,60.0
171,309520392788.18304,7.382698185096516e-18,2.3301834666005346e-19,0.1400960821797406,595691765.7354474,8.906375800289145e-27,4.4531879001445725e-27,5.6608347223814467e-14,0.5,60.0
172,310028164664.3237,5.381929156599409e-18,2.944412107037052e-19,0.08159619472594615,646419887.4736953,1.0370898455270466e-26,5.185449227635233e-27,3.184122872296514e-14,0.5,60.0
173,310237552424.6516,5.60045264318831e-18,4.011034449048817e-19,0.06253273528712974,708080821.2418976,1.2897515454952534e-26,6.448757727476267e-27,3.410744541369954e-14,0.5,60.0
174,310448230899.7983,8.39466112829956e-18,3.4865285737698355e-19,0.10763322545616777,783068432.8401457,1.013738658047486e-26,5.06869329023743e-27,7.254455257270072e-14,0.5,60.0
175,310652451279.48126,1.114785329256141e-17,1.803033574020648e-19,0.27634781905028155,672321047.1175632,6.106039410181765e-27,3.0530197050908826e-27,1.230180925615763e-13,0.5,60.0
176,311724946057.3484,8.909026434097612e-18,1.9388258527764453e-19,0.20698998077408015,725859079.8280163,6.0816158578660725e-27,3.0408079289330362e-27,8.248813533532772e-14,0.5,60.0
177,313104466527.96857,6.1881743367480314e-18,3.5571991664664234e-19,0.07957574256979283,807271913.5303274,1.0032769520667716e-26,5.016384760333858e-27,4.154707946250331e-14,0.5,60.0
178,313288408188.81866,9.429431336162498e-18,1.915667222639278e-19,0.22526315079192324,551624401.8676419,7.906951871980864e-27,3.953475935990432e-27,8.886680817350706e-14,0.5,60.0
179,314096089697.9424,1.069402877818347e-17,1.6274972246006443e-19,0.30335142059263037,673278721.057713,5.5037394278908676e-27,2.7518697139454338e-27,1.124727524924256e-13,0.5,60.0
180,314403874264.4524,7.627181681005422e-18,3.8157758811147326e-19,0.09265215930425097,847775043.3123331,1.0247896423203996e-26,5.123948211601998e-27,6.094724845083668e-14,0.5,60.0
181,315971225209.315,7.922619147139531e-18,2.527928491999239e-19,0.15277199146149764,560870547.4261374,1.0262062288837983e-26,5.1310311444189915e-27,6.419742321902459e-14,0.5,60.0
182,316754932026.86633,8.178920412208287e-18,3.1321545318654597e-19,0.12744220301568965,755101274.5958502,9.444315218408931e-27,4.7221576092044654e-27,7.094480850574984e-14,0.5,60.0
183,317198714349.91766,1.2262339426200646e-17,2.1086794832512502e-19,0.28280195989993984,750861660.2380763,6.394154702962329e-27,3.1970773514811647e-27,1.4380126684304145e-13,0.5,60.0
184,317535901767.15283,5.441641095075247e-18,4.364945838024457e-19,0.060897625279419845,471049179.48205495,2.109818538089181e-26,1.0549092690445905e-26,3.102527562770704e-14,0.5,60.0
185,318074773133.7266,5.672807241206228e-18,3.953573495074195e-19,0.07056754528870578,592801251.4210448,1.5184944229052345e-26,7.592472114526172e-27,3.414524575900216e-14,0.5,60.0
186,318259432670.0865,1.102411195214346e-17,2.3380844262086657e-19,0.23220163756234272,605229021.2265954,8.795751294599199e-27,4.397875647299599e-27,1.190859759536344e-13,0.5,60.0
187,319513511760.73773,8.773444080769753e-18,3.114671798122209e-19,0.1442541180147468,634004437.2417226,1.1185424985261158e-26,5.592712492630579e-27,7.847412534945688e-14,0.5,60.0
188,320489651403.1254,7.292587394970563e-18,4.653245134861573e-19,0.08408377058371849,714655170.9616712,1.482490393873521e-26,7.412451969367605e-27,5.6555015643853834e-14,0.5,60.0
189,320624011256.49615,1.2289642736749266e-17,4.482172349356772e-19,0.1477218275763736,976305368.1733047,1.0452865717064371e-26,5.226432858532186e-27,1.491801043321741e-13,0.5,60.0
190,321200205364.13226,9.272972658335417e-18,4.0875548550088924e-19,0.1264144037443341,613062007.6107918,1.5180696135810447e-26,7.590348067905223e-27,8.626626309237904e-14,0.5,60.0
191,322273643609.3984,1.0309772328949704e-17,4.2325960720172595e-19,0.14836483273014991,530126917.4150212,1.817855944608878e-26,9.08927972304439e-27,1.0298324846443374e-13,0.5,60.0
192,322990755176.32104,1.605711318517669e-17,4.792572446197742e-19,0.2327723734797062,584829589.1915796,1.8658290285304278e-26,9.329145142652139e-27,2.1626106944759284e-13,0.5,60.0
193,323264682877.288,9.851065278822554e-18,8.882592659551028e-19,0.07898873713348249,709303873.4794768,2.851280286909408e-26,1.425640143454704e-26,9.705347063739473e-14,0.5,60.0
194,324085495862.73065,2.2736917099063652e-17,9.119720367374078e-19,0.25315052298102025,688691404.8272138,3.0150141563353546e-26,1.5075070781676773e-26,3.5910250717521624e-13,0.5,60.0
195,324451174321.7824,1.2749213155105886e-17,1.5464501919766105e-18,0.08777255663405036,634403815.9201423,5.550123495145796e-26,2.775061747572898e-26,1.5044932323244266e-13,0.5,60.0
196,325215519838.22345,1.8737118367254483e-17,1.582416291470234e-18,0.1691029200560575,560001006.2202604,6.433753752322593e-26,3.2168768761612964e-26,2.6490461420731295e-13,0.5,60.0
197,326056591745.3295,2.0208849078300336e-17,1.121294633997527e-18,0.20717532140174377,631434973.0120794,4.0431849495803e-26,2.02159247479015e-26,3.0130561666104387e-13,0.5,60.0
198,326450639744.8369,1.1542416995700933e-17,1.6218633260579015e-18,0.07432354282183971,593318730.4342464,6.223843894598783e-26,3.1119219472993917e-26,1.3016932324320487e-13,0.5,60.0
199,327002199603.0584,1.3366245699978804e-17,9.223033207011558e-19,0.12784534341615733,589276196.4028194,3.5635870368166547e-26,1.7817935184083273e-26,1.6499587634918655e-13,0.5,60.0
200,327525933575.77185,1.7915646932227386e-17,5.698796579485135e-19,0.23164966711251367,698408051.2525802,1.8578318932888926e-26,9.289159466444463e-27,2.7584455901480033e-13,0.5,60.0
201,327983835469.6106,1.0073654388916258e-17,7.933840638331118e-19,0.08775968006110854,619745136.4936359,2.9147602753854734e-26,1.4573801376927367e-26,1.0245995934812586e-13,0.5,60.0
202,328488569839.2812,1.2600645165024773e-17,4.517140042810766e-19,0.17869399455162432,626986894.0071691,1.6403540250794805e-26,8.201770125397403e-27,1.5296831288645605e-13,0.5,60.0
203,329265110325.3349,1.4883695470414137e-17,3.880174108396834e-19,0.22656342704059187,781028962.0886915,1.1311405488431381e-26,5.6557027442156905e-27,2.0766186692797144e-13,0.5,60.0
204,330323835274.73035,8.270970734612501e-18,3.8463136386973365e-19,0.12217861845885422,563695092.4567522,1.5535775522300534e-26,7.767887761150267e-27,6.98759674962364e-14,0.5,60.0
205,331392271742.72296,8.167668890804237e-18,3.281504493755951e-19,0.13843685623020507,537516579.1649576,1.3899962723562134e-26,6.949981361781067e-27,6.828697621456871e-14,0.5,60.0
206,331895916597.85114,9.610019468385177e-18,2.953241325551033e-19,0.17916477678141285,676529844.3738351,9.939040805826179e-27,4.9695204029130895e-27,9.151871521351236e-14,0.5,60.0
207,332732719542.46954,1.0149778254082007e-17,3.504815448484205e-19,0.16514934723097066,623396500.6679494,1.2800687364130397e-26,6.400343682065198e-27,9.858010088771494e-14,0.5,60.0
208,333559063409.8053,8.285433677805925e-18,3.2875055376615783e-19,0.1387845874202098,593644764.9213535,1.260875909682975e-26,6.304379548414875e-27,6.942708296166993e-14,0.5,60.0
209,334284930970.3494,9.796712582833586e-18,2.6243321487807664e-19,0.20313796718691202,610649647.8985095,9.784962961933733e-27,4.8924814809668665e-27,9.395366649893034e-14,0.5,60.0
210,334425700524.2835,6.08116770041626e-18,6.360650810144042e-19,0.052237734224494056,1156504326.7772017,1.2522377406328769e-26,6.2611887031643846e-27,3.9577717583352606e-14,0.5,60.0
211,335404535482.88104,7.044234189668998e-18,4.920139996775174e-19,0.07835791184853476,678950054.1792388,1.6499551129969925e-26,8.249775564984963e-27,5.096289831728086e-14,0.5,60.0
212,335646868278.7576,7.94116203195731e-18,2.865323609556136e-19,0.15114423399447735,618141704.6211332,1.0554025259545127e-26,5.2770126297725635e-27,6.4073862855774e-14,0.5,60.0
213,336051154137.5364,1.0820568426071723e-17,3.8881871713605656e-19,0.151818327223392,903264997.161956,9.800866609255297e-27,4.900433304627649e-27,1.1622651878144077e-13,0.5,60.0
214,337137924452.7071,5.619547106394763e-18,4.6751575348164245e-19,0.06586784658155687,553260089.2452872,1.9239749066673755e-26,9.619874533336878e-27,3.297043775006016e-14,0.5,60.0
215,337239512713.0907,7.956814833385449e-18,4.389527307092385e-19,0.09915232879259013,860111190.2585763,1.1619719747136274e-26,5.809859873568137e-27,6.568269049057289e-14,0.5,60.0
216,337895049782.2986,1.276411273265002e-17,2.7658726955623205e-19,0.25251458077903943,785337302.7210746,8.018782925672471e-27,4.0093914628362354e-27,1.5551539742765717e-13,0.5,60.0
217,338419045972.34106,8.439135535076371e-18,3.077255098041088e-19,0.15027519082331253,666847243.0401635,1.0506779940940259e-26,5.2533899704701295e-27,7.230377828034281e-14,0.5,60.0
218,340306165239.2921,1.0174590292073864e-17,2.1607620281692097e-19,0.26032521427509764,605785918.8001717,8.121201039123138e-27,4.060600519561569e-27,9.907791996819435e-14,0.5,60.0
219,340486860504.99316,6.690818530177899e-18,4.709091861164153e-19,0.07871187470829857,800119554.4314281,1.3400307810289595e-26,6.700153905144798e-27,4.629381663309497e-14,0.5,60.0
220,341581835505.12305,6.764138157866254e-18,5.60202651029161e-19,0.06748537061256454,767676737.316511,1.661495906454807e-26,8.307479532274035e-27,4.6684649572203014e-14,0.5,60.0
221,341774934567.5644,9.183637068284411e-18,2.4738868190526245e-19,0.2073610088631705,535024537.13968885,1.0527824173670511e-26,5.263912086835256e-27,8.224613586314717e-14,0.5,60.0
222,342483832507.4342,1.2593869623629904e-17,2.3070492765721787e-19,0.30678324613057767,677417485.2403471,7.754127984530587e-27,3.877063992265293e-27,1.4706400777618584e-13,0.5,60.0
223,342696859128.94653,7.273618130753957e-18,5.102590070014299e-19,0.08037512477561505,1070730103.2363523,1.0850335399943285e-26,5.4251676999716426e-27,5.509566695847506e-14,0.5,60.0
224,344679332793.6344,7.120107142106737e-18,3.5528051803753516e-19,0.11440590276935272,563995324.5795302,1.434261649610179e-26,7.171308248050896e-27,5.095828402697149e-14,0.5,60.0
225,345311582668.37585,5.929450564113812e-18,4.020919808771152e-19,0.08464840945258488,587074381.1330935,1.5594260303517632e-26,7.797130151758816e-27,3.658467446006072e-14,0.5,60.0
226,345615057135.3125,8.407614417367697e-18,4.150845880174931e-19,0.11648129385801642,610707720.6669976,1.54751794721165e-26,7.73758973605825e-27,7.092891166459269e-14,0.5,60.0
227,346109251439.85876,1.2829948624492865e-17,2.8100872286793724e-19,0.2629506562791809,803438025.3117577,7.963425387177763e-27,3.981712693588882e-27,1.5438704811348776e-13,0.5,60.0
228,346465360638.03156,5.3264386702499785e-18,7.2717103058676125e-19,0.04236964475867855,665173924.9681059,2.4890513075728296e-26,1.2445256537864148e-26,2.913143694629619e-14,0.5,60.0
229,346811471421.6168,8.031358289859542e-18,3.360895784531509e-19,0.1381694870070423,659555389.2671741,1.1602091041904036e-26,5.801045520952018e-27,6.521921346102383e-14,0.5,60.0
230,348795059654.7116,8.99803006686303e-18,2.861799309252083e-19,0.18441992371968657,645026657.2806306,1.0101689323064726e-26,5.050844661532363e-27,7.90836192782463e-14,0.5,60.0
231,349239809278.7599,5.908787913901351e-18,4.874265766501078e-19,0.07151527756036188,488482698.10077864,2.2719172855460873e-26,1.1359586427730437e-26,3.539247330804656e-14,0.5,60.0
232,349638233240.9029,1.2081901323756247e-17,2.7579327405347986e-19,0.259078495452538,724368944.1865723,8.668747325262966e-27,4.334373662631483e-27,1.3524612546798633e-13,0.5,60.0
233,350019245864.3242,7.469984375544048e-18,5.204798134254767e-19,0.08515760572708908,751241094.4177836,1.577455257881618e-26,7.88727628940809e-27,5.6476699831292595e-14,0.5,60.0
234,351351428000.71454,8.626913304863385e-18,5.165946346764392e-19,0.10182452103510617,840187512.903471,1.3999294993178992e-26,6.999647496589496e-27,7.430083826091934e-14,0.5,60.0
235,351673823759.1308,1.1739206665196377e-17,3.154159507010644e-19,0.22790824750223823,672320637.5825883,1.0681683505468169e-26,5.3408417527340845e-27,1.286540051085996e-13,0.5,60.0
236,352078696598.1961,5.327480517902216e-18,7.34119535706017e-19,0.04496684557215766,616390834.3787948,2.7117091434318273e-26,1.3558545717159137e-26,2.9677963920847205e-14,0.5,60.0
237,352886063544.11633,1.1148877580497123e-17,3.427553480643746e-19,0.20480993249400395,703693087.822767,1.1090048647164523e-26,5.545024323582262e-27,1.1542405736825791e-13,0.5,60.0
238,354262850426.93195,1.1205510763661753e-17,3.2884765363973556e-19,0.21091204704308125,700930840.3448198,1.0681987733602158e-26,5.340993866801079e-27,1.1804230560106413e-13,0.5,60.0
239,354644264328.1898,7.743673595730836e-18,4.539331967776e-19,0.10650948183472321,632600778.491982,1.63378430196748e-26,8.1689215098374e-27,5.960121235350902e-14,0.5,60.0
240,355735769600.92255,7.393844044304629e-18,3.877246485683155e-19,0.11975970482137742,576074311.6643243,1.5324185406979822e-26,7.662092703489911e-27,5.448698668283976e-14,0.5,60.0
241,356413356787.32153,7.354658836582219e-18,6.246128292481239e-19,0.0744615773621497,826368366.2223938,1.7209557860436354e-26,8.604778930218177e-27,5.423700463068889e-14,0.5,60.0
242,356522631269.41833,1.1080881745203313e-17,5.033795536653588e-19,0.13933374746413044,1226880462.7573469,9.341697868152904e-27,4.670848934076452e-27,1.1932581048559924e-13,0.5,60.0
243,357214994574.0797,8.699127562346142e-18,4.631985499646299e-19,0.12079563741994633,679566524.1636568,1.5519142126318226e-26,7.759571063159113e-27,7.385333178496277e-14,0.5,60.0
244,358568082233.81683,7.850392261804694e-18,9.602314706950345e-19,0.05534291757847787,1035033880.896032,2.1122915691739335e-26,1.0561457845869668e-26,6.112740950082529e-14,0.5,60.0
245,358571614285.2174,1.2701170289651855e-17,3.5977386241927854e-19,0.239468540874111,609076777.940239,1.3449002163826967e-26,6.724501081913483e-27,1.4232124556165987e-13,0.5,60.0
246,359489742801.1401,1.1916466638034405e-17,4.431104170492153e-19,0.18144814532607645,699999997.9914705,1.4412735533244745e-26,7.206367766622373e-27,1.3167773532873138e-13,0.5,60.0
247,360271086125.1414,1.1086025233883984e-17,4.634587518497226e-19,0.15976611611003255,770308136.888963,1.369869192318441e-26,6.849345961592205e-27,1.1677501566992903e-13,0.5,60.0
248,360594705345.1736,5.640785594233137e-18,6.452677190001189e-19,0.05854966279152751,526356356.26053405,2.7912103296811916e-26,1.3956051648405958e-26,3.256821576874141e-14,0.5,60.0
249,360987326011.68854,1.0980435488838431e-17,4.565707383335078e-19,0.1610776620886718,859593633.7468954,1.2093371104601569e-26,6.0466855523007845e-27,1.1391298691114878e-13,0.5,60.0
250,361635574965.5525,1.381279159373717e-17,4.373978262108894e-19,0.21406487427631996,859188957.1227083,1.1590987306526355e-26,5.7954936532631774e-27,1.7251959617289257e-13,0.5,60.0
251,362748187209.10284,1.1813903094625334e-17,4.661180101593227e-19,0.17522175280924324,781753380.5536908,1.3575586843374905e-26,6.787793421687453e-27,1.2988305886307645e-13,0.5,60.0
252,363962681485.8358,1.1781974297278619e-17,5.310374583087361e-19,0.16135553464635585,743168407.3134303,1.6269357923582114e-26,8.134678961791057e-27,1.2793187886082902e-13,0.5,60.0
253,365368417845.09247,9.491264171934332e-18,6.26338631748267e-19,0.11452264216995828,549349089.9966798,2.595931845961118e-26,1.297965922980559e-26,8.567952965672131e-14,0.5,60.0
254,365818449030.2626,7.73473155207278e-18,1.160565313593744e-18,0.052682449621166284,857201245.1353182,3.08261501639607e-26,1.541307508198035e-26,5.982924610556942e-14,0.5,60.0
255,366261262370.2612,2.028881788050171e-17,5.207384849275022e-19,0.315815760913192,841820688.0736033,1.4084212763171922e-26,7.042106381585961e-27,3.1605042240121106e-13,0.5,60.0
256,366720785610.64667,1.2708673990620687e-17,1.1369846563778375e-18,0.09589276109515774,970543810.4246441,2.6673005596895245e-26,1.3336502798447623e-26,1.505785257214518e-13,0.5,60.0
257,367237826424.7644,9.850636597469512e-18,9.59592870331957e-19,0.10029580050035818,470807789.79111856,4.640618522048693e-26,2.3203092610243466e-26,8.951933645421379e-14,0.5,60.0
258,367889470930.4149,1.9351367898284318e-17,1.7148611266838407e-18,0.15208389587904136,808194128.0974058,4.8310970430558896e-26,2.4155485215279448e-26,2.9053244039455414e-13,0.5,60.0
259,368512820402.8114,2.691390597833562e-17,2.7833680303014485e-18,0.1990944941417895,836492084.7203122,7.576023187999798e-26,3.788011593999899e-26,4.518913064921408e-13,0.5,60.0
260,370637808047.38885,1.1492687867349766e-17,8.634696724588996e-19,0.13362561110159563,479953220.5987361,4.096195486450187e-26,2.0480977432250935e-26,1.1853016646059512e-13,0.5,60.0
261,370998913388.6553,1.1302186730730692e-17,1.7474776329295613e-18,0.06387932959247705,1093050386.9197857,3.640021423895322e-26,1.820010711947661e-26,1.2101331550562457e-13,0.5,60.0
262,371301481630.0741,1.679979640608469e-17,7.286005675448213e-19,0.22703750936122516,612038902.6074125,2.71045982117226e-26,1.35522991058613e-26,2.228317351063057e-13,0.5,60.0
263,372513205776.7225,1.0287689254580113e-17,1.8495511845057382e-18,0.05812941213436483,869629264.9250904,4.842445087993994e-26,2.421222543996997e-26,1.0176444871733636e-13,0.5,60.0
264,372924042876.57434,1.9258399567262744e-17,8.763681629734031e-19,0.2337893169378562,657332431.0317907,3.035526500407959e-26,1.5177632502039794e-26,2.8708304137362053e-13,0.5,60.0
265,372983810134.3609,1.4594335390940876e-17,1.425758995276281e-18,0.11041666376756906,932761524.516498,3.4802303748067145e-26,1.7401151874033573e-26,1.870974436214059e-13,0.5,60.0
266,374454088303.5156,1.3377766107403042e-17,1.9018112874199333e-18,0.0934846966728308,667192170.3999945,6.490063946658991e-26,3.2450319733294955e-26,1.594226846823167e-13,0.5,60.0
267,374763457031.44464,1.740683778752682e-17,1.7293572083121802e-18,0.14683564030257956,688718216.0708206,5.717097976872417e-26,2.8585489884362084e-26,2.4211740591765126e-13,0.5,60.0
268,375375115067.76,1.8060200971392203e-17,2.4079791811878265e-18,0.1306168836966715,777831561.6649681,7.048548021444868e-26,3.524274010722434e-26,2.59943388284435e-13,0.5,60.0
269,375784789663.5425,2.4100282088805194e-17,2.714790150953776e-18,0.17336827956961195,853318789.740518,7.243649913407052e-26,3.621824956703526e-26,4.3119590055099693e-13,0.5,60.0
270,376744273221.2965,2.7638029866211543e-17,4.854453466427915e-18,0.17701018414197278,958117133.1535182,1.15359730423082e-25,5.7679865211541e-26,5.251038746221507e-13,0.5,60.0
271,377172626420.9514,1.515889965498143e-17,7.538750721289733e-18,0.07657132977925638,678435757.112061,2.53001531448674e-25,1.26500765724337e-25,1.96562838296476e-13,0.5,60.0
272,378444081699.6591,2.885703544959673e-17,1.7306088329457635e-17,0.1910141226911144,754822580.9512534,5.2201926228713045e-25,2.6100963114356522e-25,5.347632856949867e-13,0.5,60.0
273,379991046060.3474,3.2859481414116835e-17,3.3663365331578884e-17,0.23324479619160482,751266963.0130568,1.0202244693894215e-24,5.101122346947107e-25,6.237626372756839e-13,0.5,60.0
274,380426552742.5801,1.7672326782974857e-17,3.111514163406321e-17,0.10198137832277551,606621767.5502957,1.1678479117127114e-24,5.839239558563557e-25,2.4564169277268027e-13,0.5,60.0
275,381803120676.0665,1.4918011530906144e-17,3.415458480914593e-17,0.053859554803114724,972533492.3418994,7.996076494746483e-25,3.9980382473732413e-25,1.9364944025099412e-13,0.5,60.0
276,381917176251.8696,2.7245127689100148e-17,2.4966788043207032e-17,0.21127786228939796,592232034.1436925,9.598497936088739e-25,4.799248968044369e-25,4.50837706101276e-13,0.5,60.0
277,382734137539.90753,2.6145638806774828e-17,1.0987809007441377e-17,0.18818426429888152,671150247.2253004,3.7275531423101025e-25,1.8637765711550512e-25,4.4302732913454794e-13,0.5,60.0
278,383495684251.93036,1.8559832391576732e-17,9.637930337586334e-18,0.0749519484135326,1139728615.1124988,1.9253727775831963e-25,9.626863887915981e-26,2.904485274341677e-13,0.5,60.0
279,383739440383.17664,9.899414737058879e-18,1.550159255501152e-17,0.020157250064924505,1217873467.5061765,2.8980551446423303e-25,1.4490275723211652e-25,9.445611401246795e-14,0.5,60.0
280,383988328849.3399,2.997852995897864e-17,3.861711266765136e-18,0.24235048658046088,770254744.5987463,1.1415052507332382e-25,5.707526253666191e-26,5.519954539250642e-13,0.5,60.0
281,384806450024.836,2.5591255990306234e-17,3.107008407786976e-18,0.18163694799046615,967953907.879578,7.308365307997853e-26,3.6541826539989264e-26,4.654338873880094e-13,0.5,60.0
282,386437219827.3074,1.8899831645247323e-17,1.7132186836636728e-18,0.1605572287255009,752646695.3731686,5.182676954032913e-26,2.5913384770164567e-26,2.8611451525710447e-13,0.5,60.0
283,387989646448.4909,1.0133709253635103e-17,2.3972003293274733e-18,0.0502367643006428,1026148459.1156125,5.318958817652972e-26,2.659479408826486e-26,9.716646859434834e-14,0.5,60.0
284,387994557422.8835,1.5907842671008222e-17,1.0677152986664484e-18,0.17438559583185673,591642021.9597391,4.1089319554254563e-26,2.0544659777127282e-26,2.0877619526088878e-13,0.5,60.0
285,388391311250.48456,1.6975329794030988e-17,1.1484479497462919e-18,0.16715045496323863,768849937.5639942,3.400965526427645e-26,1.7004827632138224e-26,2.392553324600934e-13,0.5,60.0
286,389323432161.4995,1.54533159486954e-17,1.013315889357065e-18,0.16086710453161773,781204415.2818578,2.953334644025251e-26,1.4766673220126256e-26,2.0086977063269188e-13,0.5,60.0
287,390214397080.50446,1.489247636716072e-17,1.102990090385393e-18,0.13693709056686196,840409736.6354116,2.988223189854247e-26,1.4941115949271235e-26,1.9326852645533788e-13,0.5,60.0
288,391007713296.5596,1.6161045909023717e-17,7.514893540356489e-19,0.2104246351081285,739010025.3619528,2.3152878830964575e-26,1.1576439415482288e-26,2.1145199865624264e-13,0.5,60.0
289,392732157248.8884,8.207005331893358e-18,2.4147938504871367e-18,0.03244645095344513,1352284311.9748225,4.065786297581283e-26,2.0328931487906416e-26,6.479965998542349e-14,0.5,60.0
290,392755149392.7859,1.3877763962558069e-17,7.151693436935679e-19,0.18492360114989448,620452701.4187045,2.6244161790452906e-26,1.3122080895226453e-26,1.6093526094663517e-13,0.5,60.0
291,393179949922.4222,1.246319526717415e-17,8.668875817546249e-19,0.13411598665382435,803012952.8966703,2.4579482075791718e-26,1.2289741037895859e-26,1.3765160712096938e-13,0.5,60.0
292,393751164833.97766,1.4131071488851548e-17,7.684261062274739e-19,0.16736934106553747,749483863.5322229,2.3343841218782503e-26,1.1671920609391251e-26,1.7433883705201667e-13,0.5,60.0
293,394350509616.14746,1.3058667090759739e-17,8.023159347363852e-19,0.14683498243354332,886343569.0651822,2.0609896756318965e-26,1.0304948378159483e-26,1.5080281710596367e-13,0.5,60.0
294,395301582612.4589,1.3375706644981263e-17,8.158705102376536e-19,0.1460410929173587,848968734.7771924,2.188074150846215e-26,1.0940370754231075e-26,1.5891345263379888e-13,0.5,60.0
295,396190708777.92706,1.7576071502752065e-17,5.862472119726906e-19,0.26632559584279375,834430852.240642,1.5996424974951298e-26,7.998212487475649e-27,2.501060216078057e-13,0.5,60.0
296,396838889863.8892,1.1796334826693612e-17,9.140265975280137e-19,0.11488014980469852,844810568.2592586,2.4633832945593363e-26,1.2316916472796681e-26,1.2683692917419885e-13,0.5,60.0
297,398504024231.67255,1.0998728741821569e-17,1.1479060947665549e-18,0.0840626064424065,1064220482.6732376,2.4558805794076224e-26,1.2279402897038112e-26,1.122373424002972e-13,0.5,60.0
298,398634273188.49164,1.3854422803352759e-17,5.220241834055813e-19,0.23165676582673278,690830581.1722597,1.720487670832321e-26,8.602438354161605e-27,1.6060770725494137e-13,0.5,60.0
299,399803512234.86633,1.1036327976127031e-17,1.2306733922584707e-18,0.08016979446665905,1051115914.211646,2.665782397861849e-26,1.3328911989309245e-26,1.1281681131934873e-13,0.5,60.0
300,400160298297.33527,1.5604076192681604e-17,5.48428714125598e-19,0.25546939870644514,710788831.1799763,1.7567585930641675e-26,8.783792965320837e-27,1.9556407405898376e-13,0.5,60.0
301,401546629644.6057,1.6553339564752176e-17,7.982690112239255e-19,0.1960237725683951,886266043.4029733,2.05077331061892e-26,1.02538665530946e-26,2.2795681815422503e-13,0.5,60.0
302,402294800006.6776,9.204174342986977e-18,1.1361787073704502e-18,0.0784494877588127,617358663.4887577,4.190266023417087e-26,2.0951330117085434e-26,7.718120672348201e-14,0.5,60.0
303,402965635858.6111,9.712453690769925e-18,7.951077767739557e-19,0.11192283916958788,559515268.6785357,3.235538374881021e-26,1.6177691874405106e-26,8.677695058028418e-14,0.5,60.0
304,403181153792.57495,1.3268244694235326e-17,9.966450364524795e-19,0.12144164617519555,948931386.1422622,2.3913227379135246e-26,1.1956613689567623e-26,1.5844158707045485e-13,0.5,60.0
305,403533991669.04767,1.344063750017614e-17,5.763898179229128e-19,0.2094287364052678,654603227.6326421,2.0047981568586216e-26,1.0023990784293108e-26,1.5480415273745615e-13,0.5,60.0
306,404417867543.84143,1.8483063421135454e-17,5.876106601696725e-19,0.27923967427926266,932663491.8688701,1.4344888777212645e-26,7.172444388606322e-27,2.7981893042046295e-13,0.5,60.0
307,404874568494.86395,1.2825723141527651e-17,1.2020504649666984e-18,0.0953423988153482,1233295389.6817708,2.219157309566224e-26,1.109578654783112e-26,1.509575345194224e-13,0.5,60.0
308,406689014748.45807,1.724163792603923e-17,5.909909686692613e-19,0.260249919253881,815590719.3978437,1.649837099733055e-26,8.249185498665274e-27,2.4823958583481194e-13,0.5,60.0
309,407653803789.3151,1.064518024444452e-17,6.431187470644984e-19,0.15014917331933078,586010272.3177426,2.4987248565053805e-26,1.2493624282526903e-26,1.0030049983505971e-13,0.5,60.0
310,408791356372.4516,1.0885123637504445e-17,7.23745548466906e-19,0.13869104990803616,676114889.1289912,2.4372377827803277e-26,1.2186188913901638e-26,1.0502245162257494e-13,0.5,60.0
311,409217644593.92316,9.670156699516389e-18,2.88450023973265e-18,0.031051117451976074,1859743026.1613646,3.531426218133385e-26,1.7657131090666924e-26,8.759366077418296e-14,0.5,60.0
312,409500594897.97015,1.0605774272172578e-17,8.266480708351946e-19,0.11760506087722379,764345437.518205,2.4624276292040227e-26,1.2312138146020114e-26,1.0174994311627692e-13,0.5,60.0
313,409815883632.1439,1.7234897943541784e-17,5.9677044021175285e-19,0.2640245044750841,747093400.5350996,1.8187160502083783e-26,9.093580251041891e-27,2.474065986412095e-13,0.5,60.0
314,410634939317.2549,1.4716824851337215e-17,9.054289567698141e-19,0.14967257859294708,1142510639.8345335,1.8043742590963874e-26,9.021871295481937e-27,1.897870843484252e-13,0.5,60.0
315,411803736080.9812,1.6786293340491605e-17,7.165854836753337e-19,0.21775025602963216,989091180.8834726,1.649545020221941e-26,8.247725101109706e-27,2.350001828831389e-13,0.5,60.0
316,413615586211.1163,1.728596834350246e-17,6.727869126102833e-19,0.25092620274912136,842363623.0632464,1.818487948905432e-26,9.09243974452716e-27,2.381477078048805e-13,0.5,60.0
317,414456695113.9819,1.2555639616292041e-17,9.703027670392066e-19,0.13136835747960757,669619964.0047381,3.299220735189839e-26,1.6496103675949194e-26,1.360117418608295e-13,0.5,60.0
318,415403765729.1034,1.2834725770582639e-17,1.0833511490619167e-18,0.11734157655441291,773634263.1247619,3.188350433873571e-26,1.5941752169367855e-26,1.4684829906619463e-13,0.5,60.0
319,416006185940.4016,1.5601594762419842e-17,6.636841490535212e-19,0.23383028432094122,752656235.806445,2.0076928747052364e-26,1.0038464373526182e-26,1.9450709870366393e-13,0.5,60.0
320,417455031293.2037,1.2438426779531338e-17,1.9145317819467223e-18,0.06766228497444228,1388841927.4930172,3.138645438329987e-26,1.5693227191649935e-26,1.3992341209529535e-13,0.5,60.0
321,417753569288.2978,1.697207165186713e-17,6.906702569963786e-19,0.2570032972664108,687767884.9777282,2.28644815177064e-26,1.14322407588532e-26,2.229969427938853e-13,0.5,60.0
322,419301551755.6874,1.2863999312940854e-17,1.6562134532919626e-18,0.08865518992440226,1001851273.0067627,3.763964772365673e-26,1.8819823861828366e-26,1.4553070646633354e-13,0.5,60.0
323,419946646164.1986,1.2637571973459363e-17,2.14655732766044e-18,0.0727392939293093,1046791582.8648183,4.668902085329166e-26,2.334451042664583e-26,1.4163661064174302e-13,0.5,60.0
324,420687628312.30383,2.1002648396466962e-17,1.3441537850601843e-18,0.20935131911214758,755570253.0376482,4.050481047726811e-26,2.0252405238634056e-26,3.388321681238693e-13,0.5,60.0
325,420828805358.89514,1.236196618917776e-17,4.529750307666794e-18,0.03843653804278887,1993401514.0418007,5.173827868738201e-26,2.5869139343691006e-26,1.3729691644417757e-13,0.5,60.0
326,421679699842.64075,2.297850776193372e-17,1.8269379804438067e-18,0.20113853125754785,872463702.6316553,4.767700139437181e-26,2.3838500697185904e-26,3.74853749591255e-13,0.5,60.0
327,423096016015.2719,2.2210749400779727e-17,5.917705909598422e-18,0.14108758846989997,704247088.4865948,1.9132019489154766e-25,9.566009744577383e-26,3.5329145255670797e-13,0.5,60.0
328,423934243282.08234,2.2008929832816327e-17,1.3319222274223268e-17,0.12652407454352294,752788864.8106916,4.0284518452080695e-25,2.0142259226040348e-25,3.331424847170675e-13,0.5,60.0
329,424353073714.898,2.7675469089638987e-17,2.024046502722442e-17,0.1009794999469255,1701512041.880433,2.708432120628296e-25,1.354216060314148e-25,5.418090974761719e-13,0.5,60.0
330,425052651115.7089,2.9028118451961867e-17,2.0589074572581192e-17,0.11240779840742264,1472728135.700839,3.1830740290753043e-25,1.5915370145376522e-25,5.964575447835284e-13,0.5,60.0
331,425288261310.9436,1.6736435606939735e-17,2.9567411675394725e-17,0.03492450578751897,1853103067.2699938,3.632839656050568e-25,1.816419828025284e-25,2.4023476615859077e-13,0.5,60.0
332,426527457333.7792,2.767542285429031e-17,9.709411894646086e-18,0.11755303085929748,1536167811.1293051,1.4390860422842277e-25,7.195430211421138e-26,5.410682758233583e-13,0.5,60.0
333,427236853222.32074,2.74857243077766e-17,5.580805339716173e-18,0.12422219521270772,1782771105.489814,7.127443516430862e-26,3.563721758215431e-26,5.418519515370755e-13,0.5,60.0
334,429082144395.54,2.319696292444553e-17,2.864724382287144e-18,0.12350594554455377,1354734200.611487,4.814611469202786e-26,2.407305734601393e-26,4.426533062797345e-13,0.5,60.0
335,429184497562.72375,1.5984110540723798e-17,3.247147836310212e-18,0.07439961515745243,1179101037.4965808,6.270230938272334e-26,3.135115469136167e-26,2.2126516227705237e-13,0.5,60.0
336,431424001390.57025,1.697802020677882e-17,7.90361407722857e-19,0.271370554241327,516873414.55887306,3.48156115200603e-26,1.740780576003015e-26,2.04877771818119e-13,0.5,60.0
337,432713990131.30975,1.2184416411960753e-17,1.1691044096758558e-18,0.1343913864538349,421409969.1550857,6.316565292617571e-26,3.1582826463087856e-26,1.263950862936376e-13,0.5,60.0
338,433170228117.60925,2.2020054915042322e-17,1.413046751798656e-18,0.2027473476292823,1037890939.5928221,3.0998259296611417e-26,1.5499129648305708e-26,3.8002696508196104e-13,0.5,60.0
339,433227989934.48016,1.4597137194291905e-17,1.4438724586359404e-18,0.131739120142911,755471389.2110215,4.3515432793405834e-26,2.1757716396702917e-26,1.7745327721439084e-13,0.5,60.0
340,434224167793.57855,1.1153905591597575e-17,3.607716204463394e-18,0.04161913954383713,950428821.1462318,8.642616969008822e-26,4.321308484504411e-26,1.1231482132504519e-13,0.5,60.0
341,434473721718.34906,1.7033273169051536e-17,1.7953804220329105e-18,0.12686071832614235,697108661.5363106,5.863926291006053e-26,2.9319631455030263e-26,2.4772443003205547e-13,0.5,60.0
342,435927211266.49335,2.027414166044118e-17,1.6185354987403812e-18,0.18643069189126996,636792591.6110568,5.787043185557803e-26,2.8935215927789015e-26,3.3026885170706017e-13,0.5,60.0
343,436564307193.84955,2.5154511495267752e-17,3.1839400938200126e-18,0.12739175329599586,1649721209.314355,4.3942708941797184e-26,2.1971354470898592e-26,5.089124514976578e-13,0.5,60.0
344,436898196273.1986,2.0007659878376137e-17,1.8043015481282672e-18,0.18540111551128446,622603055.4375726,6.598274371087224e-26,3.299137185543612e-26,3.0677541925144453e-13,0.5,60.0
345,438391786328.58716,3.279691146086377e-17,2.3601741913692785e-18,0.34337710079856515,578832334.1975416,9.283757123676268e-26,4.641878561838134e-26,6.161428933201565e-13,0.5,60.0
346,439109840919.6882,3.5702701896840563e-17,3.663536916714487e-18,0.2863227281152168,768547539.5330039,1.085331310577987e-25,5.426656552889935e-26,7.561105649840156e-13,0.5,60.0
